{"cameraMode":{"drawMode":2,"name":"Shaded Wireframe","section":"Shading Mode"},"sceneLighting":true,"audioPlay":false,"sceneViewState":{"showFog":true,"showMaterialUpdate":false,"showSkybox":true,"showFlares":true,"showImageEffects":true,"showParticleSystems":true},"in2DMode":false,"pivot":{"x":1.7931255102157593,"y":-24.448410034179689,"z":89.20513916015625},"rotation":{"x":-0.11252699792385102,"y":-0.027722463011741639,"z":0.003141415771096945,"w":-0.9932605624198914},"size":107.44155883789063,"orthographic":false}